{
    "batch_size": 4,
    "gamma_correlation": 5.0,
    "init_time_signature": "May27_00-01-47",
    "latent_dim": 512,
    "latent_space": "S6",
    "localization_layer_weights": [
        0.058823529411764705,
        0.058823529411764705,
        0.058823529411764705,
        0.058823529411764705,
        0.058823529411764705,
        0.058823529411764705,
        0.058823529411764705,
        0.058823529411764705,
        0.058823529411764705,
        0.058823529411764705,
        0.058823529411764705,
        0.058823529411764705,
        0.058823529411764705,
        0.058823529411764705,
        0.058823529411764705,
        0.058823529411764705,
        0.058823529411764705
    ],
    "localization_layers": [
        1,
        2,
        3,
        4,
        5,
        6,
        7,
        8,
        9,
        10,
        11,
        12,
        13,
        14,
        15,
        16,
        17
    ],
    "log_dir": "../out/lelsd_stylegan2_ffhq/S6_L2_average/1D/face_bisenet/mouth/May27_00-01-47",
    "loss_function": "L2",
    "lr": 0.001,
    "mask_aggregation": "average",
    "max_alpha_value": 1.0,
    "min_abs_alpha_value": 0.0,
    "min_alpha_value": -1.0,
    "mode": "foreground",
    "n_layers": 18,
    "num_latent_dirs": 1,
    "onehot_temperature": 0.001,
    "random_seed": 1234,
    "s_layers_to_apply": [
        6
    ],
    "semantic_parts": [
        "mouth",
        "u_lip",
        "l_lip"
    ],
    "unit_norm": false
}