{
    "batch_size": 1,
    "gamma_correlation": 5.0,
    "init_time_signature": "May28_08-59-11",
    "latent_dim": 1024,
    "latent_space": "S5",
    "localization_layer_weights": [
        0.07142857142857142,
        0.07142857142857142,
        0.07142857142857142,
        0.07142857142857142,
        0.07142857142857142,
        0.07142857142857142,
        0.07142857142857142,
        0.07142857142857142,
        0.07142857142857142,
        0.07142857142857142,
        0.07142857142857142,
        0.07142857142857142,
        0.07142857142857142,
        0.07142857142857142
    ],
    "localization_layers": [
        1,
        2,
        3,
        4,
        5,
        6,
        7,
        8,
        9,
        10,
        11,
        12,
        13,
        14
    ],
    "log_dir": "../out/lelsd_stylegan3_ffhq/S5_L2_average/2D/face_bisenet/skin/May28_08-59-11",
    "loss_function": "L2",
    "lr": 0.001,
    "mask_aggregation": "average",
    "max_alpha_value": 1.0,
    "min_abs_alpha_value": 0.0,
    "min_alpha_value": -1.0,
    "mode": "foreground",
    "n_layers": 15,
    "num_latent_dirs": 2,
    "onehot_temperature": 0.001,
    "random_seed": 1234,
    "s_layers_to_apply": [
        5
    ],
    "semantic_parts": [
        "skin"
    ],
    "unit_norm": false
}