{
    "batch_size": 1,
    "gamma_correlation": 5.0,
    "init_time_signature": "May27_20-42-00",
    "latent_dim": 1024,
    "latent_space": "S3",
    "localization_layer_weights": [
        0.07142857142857142,
        0.07142857142857142,
        0.07142857142857142,
        0.07142857142857142,
        0.07142857142857142,
        0.07142857142857142,
        0.07142857142857142,
        0.07142857142857142,
        0.07142857142857142,
        0.07142857142857142,
        0.07142857142857142,
        0.07142857142857142,
        0.07142857142857142,
        0.07142857142857142
    ],
    "localization_layers": [
        1,
        2,
        3,
        4,
        5,
        6,
        7,
        8,
        9,
        10,
        11,
        12,
        13,
        14
    ],
    "log_dir": "../out/lelsd_stylegan3_ffhq/S3_L2_intersection/1D/face_bisenet/eyebrows/May27_20-42-00",
    "loss_function": "L2",
    "lr": 0.001,
    "mask_aggregation": "intersection",
    "max_alpha_value": 1.0,
    "min_abs_alpha_value": 0.0,
    "min_alpha_value": -1.0,
    "mode": "foreground",
    "n_layers": 15,
    "num_latent_dirs": 1,
    "onehot_temperature": 0.001,
    "random_seed": 1234,
    "s_layers_to_apply": [
        3
    ],
    "semantic_parts": [
        "l_brow",
        "r_brow"
    ],
    "unit_norm": false
}